jornada,team1,p1,pd,p2,team2,league
1,/Alaves,39.223748622274556,26.60895773453807,34.16729364318738,/Betis,primera
1,/Atletico-Madrid,55.728710399447756,26.30650627602892,17.964783324523324,/Sevilla,primera
1,/Barcelona,88.014616347805,9.083709267498458,2.9016743846965287,/Elche,primera
1,/Eibar,39.67311216583441,27.53749016153602,32.78939767262956,/Celta,primera
1,/Cadiz,39.265024425684686,35.96807424615188,24.76690132816344,/Osasuna,primera
1,/Granada,44.6443811796995,27.889887074493423,27.465731745807076,/Athletic-Bilbao,primera
1,/Real-Madrid,64.47392077079746,22.64061976007498,12.885459469127557,/Getafe,primera
1,/Valencia-Cf,55.17374816799246,22.69652760087209,22.129724231135462,/Levante,primera
1,/Valladolid,27.405043682225873,30.976975650783356,41.617980666990775,/Real-Sociedad,primera
1,/Villarreal,75.02386704393199,14.372342729518312,10.603790226549691,/Huesca,primera
2,/Athletic-Bilbao,23.20072628119296,25.254439972029502,51.54483374677754,/Barcelona,primera
2,/Betis,50.34315714532354,28.72550589074596,20.9313369639305,/Valladolid,primera
2,/Celta,41.5684672854645,26.87578300148457,31.55574971305093,/Valencia-Cf,primera
2,/Getafe,52.18853044693091,27.810195447640872,20.001274105428212,/Osasuna,primera
2,/Granada,62.678691251551264,21.62792937061584,15.693379377832894,/Alaves,primera
2,/Huesca,37.434474963691834,32.852530935032625,29.712994101275548,/Cadiz,primera
2,/Levante,23.180096639816934,26.381714949828833,50.438188410354236,/Atletico-Madrid,primera
2,/Real-Sociedad,28.467309667217418,24.726326971020416,46.80636336176217,/Real-Madrid,primera
2,/Sevilla,71.83366177719631,19.859219947898875,8.307118274904813,/Elche,primera
2,/Villarreal,65.8542238410155,19.537712213159146,14.608063945825355,/Eibar,primera
3,/Alaves,29.91700397440446,31.57074056033995,38.512255465255585,/Getafe,primera
3,/Atletico-Madrid,63.48540608062705,22.66369068511458,13.850903234258372,/Granada,primera
3,/Barcelona,70.4753382482524,16.39826757906777,13.126394172679834,/Villarreal,primera
3,/Betis,19.620742630495666,21.844049925472643,58.53520744403169,/Real-Madrid,primera
3,/Eibar,34.714878845255626,30.135052976130705,35.15006817861367,/Athletic-Bilbao,primera
3,/Cadiz,26.97683421988039,36.27390600347,36.7492597766496,/Sevilla,primera
3,/Osasuna,42.721600571121776,25.001603900140594,32.27679552873764,/Levante,primera
3,/Valencia-Cf,66.4890469939505,18.597190087966244,14.913762918083261,/Huesca,primera
3,/Valladolid,31.080532883082924,32.97757085600864,35.94189626090844,/Celta,primera
3,/Elche,20.623686562807187,28.29619636597655,51.08011707121627,/Real-Sociedad,primera
4,/Athletic-Bilbao,43.950547749889715,37.716467641210386,18.332984608899892,/Cadiz,primera
4,/Celta,20.062878520023574,21.83294230068861,58.104179179287804,/Barcelona,primera
4,/Eibar,56.730330272431175,27.45835149125414,15.811318236314687,/Elche,primera
4,/Getafe,52.083432840679514,26.75568042655452,21.16088673276597,/Betis,primera
4,/Granada,57.92219800578634,22.6637793954207,19.414022598792958,/Osasuna,primera
4,/Huesca,16.486406133816786,22.483227412319177,61.03036645386404,/Atletico-Madrid,primera
4,/Real-Madrid,75.31136000518718,17.822813487378465,6.865826507434358,/Valladolid,primera
4,/Real-Sociedad,48.223111554157924,24.904251419234257,26.872637026607816,/Valencia-Cf,primera
4,/Sevilla,61.310111436263604,20.95784794703779,17.732040616698608,/Levante,primera
4,/Villarreal,71.11921149963733,17.60412507427354,11.27666342608913,/Alaves,primera
5,/Alaves,29.43393639132793,30.4212415137723,40.144822094899766,/Athletic-Bilbao,primera
5,/Atletico-Madrid,57.75235434924885,24.175725714536924,18.071919936214233,/Villarreal,primera
5,/Barcelona,68.39721980478093,18.103229191362384,13.499551003856691,/Sevilla,primera
5,/Cadiz,32.38344755125064,35.37229567081032,32.24425677793905,/Granada,primera
5,/Osasuna,39.5352229226042,27.183704514544022,33.281072562851776,/Celta,primera
5,/Real-Sociedad,46.8498025683944,28.32098657297279,24.829210858632813,/Getafe,primera
5,/Valencia-Cf,57.9601453671719,22.34626209623191,19.693592536596192,/Betis,primera
5,/Valladolid,35.936216535212715,33.13666127754779,30.927122187239497,/Eibar,primera
5,/Elche,34.20639563652605,28.876096429185573,36.91750793428839,/Huesca,primera
5,/Levante,22.082160346206265,22.216427050799684,55.70141260299405,/Real-Madrid,primera
6,/Alaves,50.641226645742066,30.134111805356962,19.22466154890097,/Elche,primera
6,/Athletic-Bilbao,51.5934416272588,25.646097280244035,22.760461092497163,/Levante,primera
6,/Betis,36.88331773196741,24.915407126253754,38.201275141778844,/Real-Sociedad,primera
6,/Celta,24.227488292184965,29.216563650935807,46.555948056879224,/Atletico-Madrid,primera
6,/Eibar,46.441176899223265,26.497265610515758,27.06155749026098,/Osasuna,primera
6,/Getafe,22.33705353848486,25.922281100260125,51.74066536125501,/Barcelona,primera
6,/Granada,39.98856936883342,25.933985347371507,34.077445283795086,/Sevilla,primera
6,/Huesca,45.928558672741545,28.394114039483608,25.677327287774844,/Valladolid,primera
6,/Real-Madrid,65.18519086491247,25.168179802847586,9.646629332239943,/Cadiz,primera
6,/Villarreal,54.832899496501994,22.717278194123285,22.449822309374724,/Valencia-Cf,primera
7,/Barcelona,53.816480048348566,22.325708277734474,23.857811673916963,/Real-Madrid,primera
7,/Atletico-Madrid,71.61239925437951,18.71323541060045,9.674365335020042,/Betis,primera
7,/Getafe,43.64440418400494,28.90686777449317,27.44872804150189,/Granada,primera
7,/Cadiz,27.659432477397317,33.66124512296691,38.67932239963577,/Villarreal,primera
7,/Levante,45.777822119966274,24.862847449198807,29.359330430834916,/Celta,primera
7,/Osasuna,34.589178220283124,29.71510510427795,35.69571667543892,/Athletic-Bilbao,primera
7,/Real-Sociedad,68.40137060274854,17.4798901077313,14.118739289520155,/Huesca,primera
7,/Sevilla,63.07247393618166,21.71041141940533,15.21711464441301,/Eibar,primera
7,/Valladolid,40.487583455039314,33.24543586312082,26.26698068183988,/Alaves,primera
7,/Elche,21.099975204097056,29.534497338404687,49.36552745749826,/Valencia-Cf,primera
8,/Alaves,12.066626652366173,17.889031172427224,70.04434217520661,/Barcelona,primera
8,/Athletic-Bilbao,38.19793549555188,29.541222101167385,32.26084240328073,/Sevilla,primera
8,/Betis,60.107756546185776,24.863726488787965,15.028516965026261,/Elche,primera
8,/Celta,41.229947538581925,26.151987216483953,32.61806524493412,/Real-Sociedad,primera
8,/Eibar,38.71097907290002,36.528308699595854,24.760712227504122,/Cadiz,primera
8,/Granada,54.679812586042566,22.250245489733338,23.06994192422409,/Levante,primera
8,/Osasuna,19.700830956019793,27.25450653146755,53.04466251251265,/Atletico-Madrid,primera
8,/Real-Madrid,85.02186908032945,9.831227011597752,5.146903908072797,/Huesca,primera
8,/Valencia-Cf,45.26793319856336,29.427248781166526,25.304818020270115,/Getafe,primera
8,/Villarreal,65.82139195959044,22.240857417984234,11.937750622425325,/Valladolid,primera
9,/Atletico-Madrid,57.87056227320391,31.79033368837294,10.339104038423152,/Cadiz,primera
9,/Barcelona,83.85182542945529,10.422203885776646,5.725970684768056,/Betis,primera
9,/Getafe,37.545344770775394,28.487397733653587,33.967257495571026,/Villarreal,primera
9,/Huesca,42.749343395048115,24.558804680750825,32.69185192420105,/Eibar,primera
9,/Levante,58.32805297830731,22.533651444436057,19.138295577256635,/Alaves,primera
9,/Real-Sociedad,50.21009215805585,23.885235236944027,25.904672605000123,/Granada,primera
9,/Sevilla,63.92735228583726,21.155287768177853,14.917359945984888,/Osasuna,primera
9,/Valencia-Cf,27.571234652446506,25.35787881030176,47.07088653725173,/Real-Madrid,primera
9,/Valladolid,27.08798437384239,35.72206769280912,37.18994793334849,/Athletic-Bilbao,primera
9,/Elche,24.155687126194685,31.108407922590803,44.73590495121451,/Celta,primera
10,/Atletico-Madrid,40.080625282169656,27.593782378903303,32.325592338927045,/Barcelona,primera
10,/Alaves,29.704832775109423,27.350513535763284,42.9446536891273,/Valencia-Cf,primera
10,/Athletic-Bilbao,54.13400032374658,25.44638645853366,20.419613217719768,/Betis,primera
10,/Eibar,35.12358282156469,31.15076685743501,33.7256503210003,/Getafe,primera
10,/Cadiz,30.878642941141628,35.35751310197691,33.76384395688146,/Real-Sociedad,primera
10,/Granada,57.80405070818695,26.399950193394222,15.795999098418822,/Valladolid,primera
10,/Levante,63.90577612179407,22.842995259690735,13.2512286185152,/Elche,primera
10,/Osasuna,53.9273315200788,22.491589124134766,23.58107935578644,/Huesca,primera
10,/Sevilla,56.94150704832266,23.766591188200923,19.291901763476417,/Celta,primera
10,/Villarreal,33.74821821914188,24.425904859485247,41.825876921372874,/Real-Madrid,primera
11,/Barcelona,83.47128366586684,10.936465726378291,5.592250607754878,/Osasuna,primera
11,/Betis,48.43994175588752,25.05455806834235,26.505500175770138,/Eibar,primera
11,/Getafe,40.17669686904511,33.24874591744422,26.574557213510673,/Athletic-Bilbao,primera
11,/Huesca,26.010220969581134,23.073275844798342,50.916503185620535,/Sevilla,primera
11,/Real-Madrid,80.96899532464481,13.055220356162101,5.975784319193089,/Alaves,primera
11,/Real-Sociedad,42.93462872293697,24.087354882332743,32.97801639473029,/Villarreal,primera
11,/Valencia-Cf,27.85997224284007,29.553722047831478,42.58630570932846,/Atletico-Madrid,primera
11,/Valladolid,33.68294418684681,30.473433818349267,35.84362199480392,/Levante,primera
11,/Elche,24.52551603477304,43.227043503815594,32.24744046141137,/Cadiz,primera
11,/Celta,43.33952855209006,25.945937321297265,30.71453412661267,/Granada,primera
12,/Alaves,29.16396201981381,26.41183773006989,44.4242002501163,/Real-Sociedad,primera
12,/Athletic-Bilbao,47.65817802061335,28.452116934457393,23.889705044929254,/Celta,primera
12,/Atletico-Madrid,68.149454379827,23.871185708767143,7.979359911405859,/Valladolid,primera
12,/Eibar,35.403478961899495,27.23648925862097,37.36003177947953,/Valencia-Cf,primera
12,/Cadiz,16.40582248787776,28.91022190716943,54.68395560495281,/Barcelona,primera
12,/Granada,66.23207442500832,18.27116160473278,15.496763970258897,/Huesca,primera
12,/Levante,40.60344784995671,28.384260893899498,31.012291256143797,/Getafe,primera
12,/Osasuna,45.6864653000981,25.19032668601881,29.123208013883083,/Betis,primera
12,/Sevilla,32.81427164683511,26.16168208746631,41.02404626569858,/Real-Madrid,primera
12,/Villarreal,75.0100362596413,17.244860906669874,7.745102833688822,/Elche,primera
13,/Real-Madrid,45.612267107634644,28.540592816627385,25.84714007573796,/Atletico-Madrid,primera
13,/Barcelona,82.12329677049165,11.178334262340545,6.6983689671678,/Levante,primera
13,/Betis,31.84248161022405,23.70663270974038,44.45088568003557,/Villarreal,primera
13,/Celta,43.73395175756241,35.20027718614016,21.065771056297432,/Cadiz,primera
13,/Getafe,36.65422619388232,30.593970808290905,32.75180299782677,/Sevilla,primera
13,/Huesca,48.96783430742105,24.175259990591044,26.85690570198791,/Alaves,primera
13,/Real-Sociedad,59.221875941542436,22.50913605336606,18.2689880050915,/Eibar,primera
13,/Valencia-Cf,45.06603394986167,28.602803557613715,26.331162492524605,/Athletic-Bilbao,primera
13,/Valladolid,36.516207796593015,32.65110653084468,30.83268567256231,/Osasuna,primera
13,/Elche,21.99153814102815,28.82011535123527,49.18834650773658,/Granada,primera
14,/Athletic-Bilbao,62.31229123619355,21.67066966682616,16.01703909698029,/Huesca,primera
14,/Atletico-Madrid,76.35334391102838,18.397772462513448,5.248883626458167,/Elche,primera
14,/Barcelona,74.15606857957478,15.600886479511388,10.243044940913837,/Valencia-Cf,primera
14,/Celta,57.67046852887931,24.230159119042447,18.099372352078234,/Alaves,primera
14,/Eibar,18.896622470908316,23.115188473176723,57.988189055914965,/Real-Madrid,primera
14,/Cadiz,29.613345819346204,41.724417636893676,28.662236543760123,/Getafe,primera
14,/Granada,57.57986661417911,21.911627158242883,20.508506227578003,/Betis,primera
14,/Levante,40.56064344147258,24.3140241097882,35.12533244873922,/Real-Sociedad,primera
14,/Osasuna,29.986141767454978,24.638249456484385,45.37560877606064,/Villarreal,primera
14,/Sevilla,62.72430651083384,24.89932777069718,12.376365718468985,/Valladolid,primera
15,/Alaves,39.427964020274054,28.21122661561925,32.3608093641067,/Eibar,primera
15,/Betis,41.326239484378235,34.05363529875282,24.62012521686894,/Cadiz,primera
15,/Getafe,45.77145201473706,29.721145401578998,24.507402583683945,/Celta,primera
15,/Huesca,38.9874218153939,22.867863403427314,38.14471478117878,/Levante,primera
15,/Real-Madrid,69.88148642042063,17.884920496722323,12.233593082857052,/Granada,primera
15,/Real-Sociedad,28.799917881098935,28.75378913542481,42.446292983476255,/Atletico-Madrid,primera
15,/Valencia-Cf,40.69194238844562,26.651488868283806,32.656568743270576,/Sevilla,primera
15,/Valladolid,12.690617192284792,22.436514149739274,64.87286865797593,/Barcelona,primera
15,/Villarreal,52.85654831960588,25.244912299423472,21.89853938097065,/Athletic-Bilbao,primera
15,/Elche,29.049228493943897,31.78135861922966,39.16941288682645,/Osasuna,primera
16,/Athletic-Bilbao,43.45308777096227,28.081063649949982,28.465848579087737,/Real-Sociedad,primera
16,/Atletico-Madrid,57.8428899948032,28.21667521211252,13.940434793084277,/Getafe,primera
16,/Barcelona,82.71346663206008,11.450394900536327,5.836138467403595,/Eibar,primera
16,/Celta,60.998501723793744,20.7109509483611,18.290547327845164,/Huesca,primera
16,/Cadiz,38.218767998030316,42.634319635839,19.146912366130685,/Valladolid,primera
16,/Granada,46.059415851912675,25.246613829158264,28.69397031892906,/Valencia-Cf,primera
16,/Levante,52.56334593545509,22.519092687320857,24.91756137722405,/Betis,primera
16,/Osasuna,51.30648924497754,25.919272332293158,22.774238422729297,/Alaves,primera
16,/Sevilla,47.6973101968496,24.24692165881488,28.055768144335524,/Villarreal,primera
16,/Elche,10.42315388189904,21.656354230806087,67.92049188729487,/Real-Madrid,primera
17,/Betis,31.697545076267573,25.460483250421976,42.841971673310454,/Sevilla,primera
17,/Alaves,16.263454768814796,26.52013742190036,57.21640780928485,/Atletico-Madrid,primera
17,/Athletic-Bilbao,62.30624616371625,26.495848881537643,11.197904954746107,/Elche,primera
17,/Eibar,36.938717507729855,26.43858812077746,36.622694371492685,/Granada,primera
17,/Getafe,51.17531051875144,32.80763187576529,16.017057605483267,/Valladolid,primera
17,/Huesca,11.433302762166129,14.715859009907541,73.85083822792633,/Barcelona,primera
17,/Real-Madrid,71.54590481110299,17.710969780975216,10.743125407921795,/Celta,primera
17,/Real-Sociedad,60.05271677525003,21.993650877106443,17.953632347643524,/Osasuna,primera
17,/Valencia-Cf,48.013629021134854,33.42999561188075,18.5563753669844,/Cadiz,primera
17,/Villarreal,63.90048710382214,19.010073394265685,17.089439501912185,/Levante,primera
18,/Atletico-Madrid,58.17610933335975,27.390375875063317,14.433514791576929,/Athletic-Bilbao,primera
18,/Celta,36.428017032204146,25.36808096272371,38.203902005072145,/Villarreal,primera
18,/Cadiz,42.72121235842327,36.23155820174487,21.04722943983186,/Alaves,primera
18,/Granada,22.796140422076753,21.719809689195568,55.48404988872768,/Barcelona,primera
18,/Huesca,42.318866901134825,23.24491523059545,34.43621786826972,/Betis,primera
18,/Levante,52.41413128103595,23.750664081893017,23.83520463707104,/Eibar,primera
18,/Osasuna,18.588048791691623,22.600707601908862,58.81124360639951,/Real-Madrid,primera
18,/Sevilla,52.45202097938558,24.09839752051606,23.44958150009836,/Real-Sociedad,primera
18,/Valladolid,27.746119206918696,32.08207986896785,40.171800924113455,/Valencia-Cf,primera
18,/Elche,21.49089736529053,34.80398657394827,43.7051160607612,/Getafe,primera
19,/Alaves,24.902356266669646,26.476900186173058,48.620743547157296,/Sevilla,primera
19,/Barcelona,74.41067970269802,15.168803060514682,10.420517236787308,/Real-Sociedad,primera
19,/Betis,41.98196841020812,25.817642062492606,32.200389527299265,/Celta,primera
19,/Eibar,19.930354531390122,27.816781110437518,52.25286435817236,/Atletico-Madrid,primera
19,/Getafe,60.120526265425454,23.03559279127845,16.843880943296096,/Huesca,primera
19,/Cadiz,37.15613777749531,33.95189634198544,28.891965880519255,/Levante,primera
19,/Real-Madrid,64.70744700508236,22.002091796766308,13.290461198151327,/Athletic-Bilbao,primera
19,/Valencia-Cf,58.209292603167775,23.134523761241766,18.656183635590462,/Osasuna,primera
19,/Valladolid,44.852570504873874,36.325147255518594,18.822282239607535,/Elche,primera
19,/Villarreal,56.98268310325415,21.608744727218138,21.408572169527716,/Granada,primera
20,/Alaves,15.015162469405494,21.522561187476594,63.46227634311792,/Real-Madrid,primera
20,/Elche,8.266525980833396,17.508031047962337,74.22544297120426,/Barcelona,primera
20,/Athletic-Bilbao,41.99030094859137,32.927864411705414,25.081834639703217,/Getafe,primera
20,/Sevilla,52.655212331296674,31.74548177973869,15.599305888964633,/Cadiz,primera
20,/Atletico-Madrid,61.25553328159402,24.13338687921465,14.611079839191321,/Valencia-Cf,primera
20,/Celta,52.17678841198531,25.463402185738975,22.359809402275708,/Eibar,primera
20,/Real-Sociedad,59.79411140728039,21.265935860669046,18.939952732050557,/Betis,primera
20,/Huesca,25.707319088715693,21.343002199715215,52.94967871156909,/Villarreal,primera
20,/Osasuna,36.74093430697333,26.083535427997546,37.17553026502913,/Granada,primera
20,/Levante,54.04287694560386,27.046490700937248,18.91063235345889,/Valladolid,primera
21,/Barcelona,71.18249937826093,18.148006134713306,10.669494487025766,/Athletic-Bilbao,primera
21,/Betis,49.16516787485618,24.618954638105553,26.215877487038263,/Osasuna,primera
21,/Eibar,30.09208723787282,26.932895262836727,42.975017499290445,/Sevilla,primera
21,/Getafe,56.322067700635145,27.129604988794615,16.548327310570233,/Alaves,primera
21,/Cadiz,18.466754113100112,38.71899658056095,42.81424930633894,/Atletico-Madrid,primera
21,/Granada,50.66725825714279,24.73932149086607,24.593420251991137,/Celta,primera
21,/Real-Madrid,76.0994421379592,14.692706149561172,9.20785171247963,/Levante,primera
21,/Valencia-Cf,67.14782676161484,22.33055546425808,10.52161777412708,/Elche,primera
21,/Valladolid,42.83327125365236,28.919581519352167,28.247147226995473,/Huesca,primera
21,/Villarreal,54.67864778496039,22.193123244252078,23.128228970787536,/Real-Sociedad,primera
22,/Alaves,41.598870219707045,33.0486994751489,25.352430305144047,/Valladolid,primera
22,/Athletic-Bilbao,43.60300219488201,28.851375929552365,27.54562187556562,/Valencia-Cf,primera
22,/Atletico-Madrid,64.96978620227716,22.7580743850793,12.272139412643535,/Celta,primera
22,/Betis,16.056498596869297,18.65167730064183,65.29182410248887,/Barcelona,primera
22,/Huesca,14.76645831547543,18.10750533373772,67.12603635078685,/Real-Madrid,primera
22,/Levante,42.80284453727389,24.166779905510783,33.03037555721533,/Granada,primera
22,/Osasuna,45.67491904694243,26.624959624451954,27.70012132860562,/Eibar,primera
22,/Real-Sociedad,49.76487066418786,32.01895345001732,18.216175885794815,/Cadiz,primera
22,/Sevilla,50.55517073669752,28.22760727384457,21.21722198945791,/Getafe,primera
22,/Elche,17.31250468130058,25.446421833631806,57.241073485067616,/Villarreal,primera
23,/Barcelona,86.28969088756797,9.505604430846297,4.204704681585736,/Alaves,primera
23,/Celta,62.47143226692702,24.869176197619876,12.659391535453102,/Elche,primera
23,/Eibar,47.35752251471516,31.138873966774234,21.503603518510616,/Valladolid,primera
23,/Getafe,41.72091789946824,29.192136481220672,29.086945619311088,/Real-Sociedad,primera
23,/Cadiz,29.59958659846113,40.39218710657855,30.008226294960316,/Athletic-Bilbao,primera
23,/Granada,27.15226434969329,28.45067989598098,44.397055754325734,/Atletico-Madrid,primera
23,/Levante,53.183518761222444,23.298795414569547,23.517685824208012,/Osasuna,primera
23,/Real-Madrid,67.63476447896697,19.241345395124725,13.12389012590831,/Valencia-Cf,primera
23,/Sevilla,72.23014332715107,16.333138679329657,11.436717993519284,/Huesca,primera
23,/Villarreal,66.61358477683541,18.389090708807938,14.997324514356647,/Betis,primera
24,/Athletic-Bilbao,39.107105699743514,27.52128834989594,33.371605950360546,/Villarreal,primera
24,/Atletico-Madrid,69.66510871052375,19.370878103189163,10.964013186287092,/Levante,primera
24,/Barcelona,71.50639275322895,20.630399442184004,7.863207804587047,/Cadiz,primera
24,/Betis,37.23287745964811,29.248994529593634,33.518128010758254,/Getafe,primera
24,/Huesca,32.91132787049034,23.37470901631617,43.713963113193486,/Granada,primera
24,/Osasuna,29.856621302314355,26.512848628186305,43.63053006949934,/Sevilla,primera
24,/Real-Sociedad,64.69820789999021,20.852715334895656,14.449076765114132,/Alaves,primera
24,/Valencia-Cf,51.112455756814235,25.295710280432765,23.591833962752993,/Celta,primera
24,/Valladolid,15.16442102004568,26.37548689033452,58.4600920896198,/Real-Madrid,primera
24,/Elche,28.605888280130635,32.201547436847235,39.19256428302212,/Eibar,primera
25,/Alaves,40.034124409939146,27.79654023761574,32.1693353524451,/Osasuna,primera
25,/Celta,53.03985586755559,29.20229524393258,17.75784888851184,/Valladolid,primera
25,/Eibar,53.99098296769361,22.737525104951946,23.271491927354436,/Huesca,primera
25,/Getafe,41.856803893666836,30.011988384569687,28.131207721763474,/Valencia-Cf,primera
25,/Cadiz,39.18810269219532,34.43605315935868,26.375844148446003,/Betis,primera
25,/Granada,67.35556865874447,21.7636530116463,10.880778329609232,/Elche,primera
25,/Levante,40.16217044731557,27.54518710109975,32.29264245158468,/Athletic-Bilbao,primera
25,/Real-Madrid,67.84802530172527,18.737076248144884,13.414898450129842,/Real-Sociedad,primera
25,/Sevilla,29.073528834021715,24.046584340915516,46.87988682506277,/Barcelona,primera
25,/Villarreal,33.68472629642403,28.11046434048678,38.20480936308919,/Atletico-Madrid,primera
26,/Atletico-Madrid,42.99016388296609,28.986192200146537,28.023643916887377,/Real-Madrid,primera
26,/Athletic-Bilbao,45.44531293042539,27.754912684026095,26.799774385548524,/Granada,primera
26,/Betis,54.30862887291787,24.136361450926834,21.55500967615529,/Alaves,primera
26,/Cadiz,38.609263843175434,36.54689574616939,24.843840410655172,/Eibar,primera
26,/Huesca,36.16668558001042,24.640937991764716,39.19237642822486,/Celta,primera
26,/Osasuna,15.262944764494216,19.261826311864468,65.47522892364131,/Barcelona,primera
26,/Real-Sociedad,56.957740428827606,21.68306758782748,21.359191983344918,/Levante,primera
26,/Valencia-Cf,41.51579459336333,24.874096141925893,33.61010926471077,/Villarreal,primera
26,/Valladolid,27.347973439984568,37.054882303681026,35.5971442563344,/Getafe,primera
26,/Elche,17.552285874282422,27.94506865731863,54.502645468398946,/Sevilla,primera
27,/Sevilla,63.90120087101947,20.420202068707326,15.678597060273203,/Betis,primera
27,/Levante,41.03782150165431,24.9852701783236,33.97690832002209,/Valencia-Cf,primera
27,/Alaves,33.74849441278003,37.876951475421386,28.374554111798588,/Cadiz,primera
27,/Barcelona,89.83116915023804,6.783285801376426,3.38554504838553,/Huesca,primera
27,/Celta,40.36658545594662,29.6934349968018,29.939979547251582,/Athletic-Bilbao,primera
27,/Eibar,30.266783374044447,25.0319289329846,44.70128769297095,/Villarreal,primera
27,/Getafe,25.292694563600886,33.73937435911241,40.9679310772867,/Atletico-Madrid,primera
27,/Granada,45.75161934297035,24.613416100872147,29.634964556157506,/Real-Sociedad,primera
27,/Osasuna,47.4378278627013,30.748216898821116,21.81395523847758,/Valladolid,primera
27,/Real-Madrid,83.08763771732578,12.755198633349682,4.157163649324536,/Elche,primera
28,/Athletic-Bilbao,53.455147660455836,26.982094801995988,19.56275753754817,/Eibar,primera
28,/Atletico-Madrid,74.42240513635203,18.155362083981736,7.422232779666227,/Alaves,primera
28,/Betis,45.346773244392516,23.68583369044058,30.967393065166902,/Levante,primera
28,/Celta,23.6011137120462,24.776236543498705,51.622649744455096,/Real-Madrid,primera
28,/Getafe,60.02122510631692,28.284515942669625,11.69425895101346,/Elche,primera
28,/Huesca,43.394652570391365,24.19461469462112,32.41073273498751,/Osasuna,primera
28,/Real-Sociedad,24.596846980239004,22.25789421752399,53.145258802237,/Barcelona,primera
28,/Valencia-Cf,48.57651978323856,24.832648296758226,26.59083192000322,/Granada,primera
28,/Valladolid,23.643538184873456,31.260289604581175,45.09617221054536,/Sevilla,primera
28,/Villarreal,55.60820464229745,28.87743298529954,15.514362372403001,/Cadiz,primera
29,/Real-Sociedad,46.62946425632991,27.54594223923273,25.824593504437352,/Athletic-Bilbao,primera
29,/Alaves,33.70174671005343,28.150985937338653,38.14726735260792,/Celta,primera
29,/Barcelona,81.14522964597195,13.677493748699055,5.177276605328995,/Valladolid,primera
29,/Cadiz,30.977553331388542,36.48212283465263,32.54032383395883,/Valencia-Cf,primera
29,/Granada,40.69547409606397,24.220587302746964,35.08393860118907,/Villarreal,primera
29,/Levante,61.353573886083346,19.359460470195007,19.286965643721643,/Huesca,primera
29,/Osasuna,35.0259230427136,30.72105506484316,34.253021892443236,/Getafe,primera
29,/Real-Madrid,76.88210648407835,15.124961283215683,7.992932232705963,/Eibar,primera
29,/Sevilla,32.51375432934278,30.183119859663794,37.30312581099342,/Atletico-Madrid,primera
29,/Elche,28.278094200234115,30.07685729110852,41.645048508657354,/Betis,primera
30,/Real-Madrid,43.93389173702638,23.92148523687752,32.144623026096106,/Barcelona,primera
30,/Athletic-Bilbao,58.489234382196166,25.615891761203585,15.894873856600245,/Alaves,primera
30,/Betis,20.83409461336313,26.230571803710784,52.93533358292608,/Atletico-Madrid,primera
30,/Celta,35.88594469823529,27.200616024786356,36.91343927697835,/Sevilla,primera
30,/Eibar,42.8833348030856,25.307661689332434,31.809003507581956,/Levante,primera
30,/Getafe,42.02945449880436,39.375896637754494,18.594648863441144,/Cadiz,primera
30,/Huesca,55.993579824395354,25.272791780262967,18.733628395341672,/Elche,primera
30,/Valencia-Cf,46.39473375843755,25.20501152028568,28.400254721276763,/Real-Sociedad,primera
30,/Valladolid,28.964597510026685,31.20903911221421,39.82636337775911,/Granada,primera
30,/Villarreal,66.71278681546666,19.008702895149405,14.278510289383938,/Osasuna,primera
31,/Alaves,24.798609300563008,24.451758031176237,50.74963266826076,/Villarreal,primera
31,/Atletico-Madrid,79.0585533820298,14.15750512594264,6.783941492027557,/Huesca,primera
31,/Barcelona,70.9181382191314,18.691256259326007,10.390605521542595,/Getafe,primera
31,/Betis,36.75659585774866,28.328110310049293,34.915293832202046,/Athletic-Bilbao,primera
31,/Cadiz,18.632886475305483,32.704404461649986,48.66270906304453,/Real-Madrid,primera
31,/Granada,57.10695457491205,23.166013377423127,19.727032047664828,/Eibar,primera
31,/Levante,35.019399412225674,25.121979523995762,39.85862106377856,/Sevilla,primera
31,/Osasuna,35.21250109821465,26.859578730547756,37.92792017123758,/Valencia-Cf,primera
31,/Real-Sociedad,52.81698395992004,24.250606640767298,22.932409399312657,/Celta,primera
31,/Elche,30.615176763169753,38.94510289495702,30.439720341873233,/Valladolid,primera
32,/Athletic-Bilbao,26.364572360484008,32.74225617136424,40.89317146815175,/Atletico-Madrid,primera
32,/Celta,52.95058060272066,24.968182184089073,22.081237213190263,/Osasuna,primera
32,/Eibar,34.93926352211656,26.416530136391614,38.644206341491824,/Real-Sociedad,primera
32,/Huesca,32.22846058787858,27.533877337462336,40.237662074659085,/Getafe,primera
32,/Real-Madrid,78.07618329828547,13.935485529190839,7.988331172523688,/Betis,primera
32,/Sevilla,54.63955569147417,23.544812623866367,21.815631684659454,/Granada,primera
32,/Valencia-Cf,62.79387340145911,22.091256730168542,15.114869868372349,/Alaves,primera
32,/Valladolid,29.7360153286024,44.282547672620225,25.981436998777376,/Cadiz,primera
32,/Villarreal,29.641610117620232,22.44702858943545,47.91136129294431,/Barcelona,primera
32,/Elche,25.986814728099294,28.88236086683757,45.13082440506313,/Levante,primera
33,/Alaves,46.86275136044873,24.51950418868927,28.61774445086199,/Huesca,primera
33,/Athletic-Bilbao,53.30736542879878,31.12744817155492,15.565186399646302,/Valladolid,primera
33,/Atletico-Madrid,70.24991829964834,20.21438029216999,9.535701408181673,/Eibar,primera
33,/Barcelona,76.34147626785665,14.284000999907184,9.374522732236157,/Granada,primera
33,/Betis,37.40218333913995,25.657142712115856,36.9406739487442,/Valencia-Cf,primera
33,/Getafe,25.40424927185186,28.839975401068312,45.75577532707983,/Real-Madrid,primera
33,/Cadiz,34.05246602407514,36.959194453971506,28.988339521953353,/Celta,primera
33,/Levante,35.32839589482488,23.447234336500728,41.22436976867439,/Villarreal,primera
33,/Osasuna,56.8912566945612,27.102508599390635,16.00623470604816,/Elche,primera
33,/Real-Sociedad,42.09000997176874,25.796356821733397,32.11363320649787,/Sevilla,primera
34,/Celta,49.686866435246635,24.222776290936896,26.090357273816466,/Levante,primera
34,/Eibar,51.3012989710523,26.22811843773814,22.470582591209553,/Alaves,primera
34,/Granada,48.0556757093032,32.588418715830464,19.355905574866327,/Cadiz,primera
34,/Huesca,30.809815983929123,23.14866421065487,46.04151980541601,/Real-Sociedad,primera
34,/Real-Madrid,77.71334197837112,14.557515818180967,7.729142203447914,/Osasuna,primera
34,/Sevilla,50.493827533174,27.463755169807442,22.042417297018567,/Athletic-Bilbao,primera
34,/Valencia-Cf,23.859050777854023,22.781489664713884,53.35945955743209,/Barcelona,primera
34,/Valladolid,36.02824285237513,31.174140513632448,32.79761663399242,/Betis,primera
34,/Villarreal,52.99132202196952,25.91439655358624,21.09428142444424,/Getafe,primera
34,/Elche,11.479710897605228,27.563421979583758,60.95686712281101,/Atletico-Madrid,primera
35,/Barcelona,51.60428584081084,25.678754988726176,22.716959170462992,/Atletico-Madrid,primera
35,/Alaves,36.36994500834294,26.07313114969153,37.55692384196553,/Levante,primera
35,/Athletic-Bilbao,54.255282956403846,26.424530355839703,19.320186687756447,/Osasuna,primera
35,/Betis,39.02545476700487,24.89165773154943,36.082887501445704,/Granada,primera
35,/Getafe,51.40321115279532,28.374710156219397,20.222078690985278,/Eibar,primera
35,/Cadiz,46.024454066364676,31.348827184048346,22.62671874958697,/Huesca,primera
35,/Real-Madrid,61.73258811547804,21.56776486260028,16.69964702192168,/Sevilla,primera
35,/Real-Sociedad,69.11298775212754,20.87911291154447,10.007899336327986,/Elche,primera
35,/Valencia-Cf,57.75398753039741,27.047229069208516,15.198783400394067,/Valladolid,primera
35,/Villarreal,59.475005263678106,21.683814921337472,18.84117981498442,/Celta,primera
36,/Atletico-Madrid,61.54247095302148,23.472958026318818,14.98457102065971,/Real-Sociedad,primera
36,/Celta,40.654231574927486,30.601662113356703,28.74410631171581,/Getafe,primera
36,/Eibar,45.800499943669976,25.489485274933543,28.710014781396474,/Betis,primera
36,/Granada,26.627533627349127,24.349233867012245,49.023232505638624,/Real-Madrid,primera
36,/Huesca,31.545872713095253,26.553259651834736,41.900867635070014,/Athletic-Bilbao,primera
36,/Levante,18.284181892278482,19.242259444265283,62.47355866345623,/Barcelona,primera
36,/Osasuna,38.78155336645756,36.05599141032283,25.162455223219602,/Cadiz,primera
36,/Sevilla,52.54899277012005,24.698139340834313,22.752867889045636,/Valencia-Cf,primera
36,/Valladolid,23.810689905792803,28.848723868894815,47.340586225312386,/Villarreal,primera
36,/Elche,32.979835421346316,33.19829485221499,33.82186972643869,/Alaves,primera
37,/Alaves,30.993123926094167,26.64900042814852,42.35787564575732,/Granada,primera
37,/Athletic-Bilbao,26.43040325136909,28.039632595508486,45.52996415312243,/Real-Madrid,primera
37,/Atletico-Madrid,71.12968072507402,19.56922366432139,9.301095610604582,/Osasuna,primera
37,/Barcelona,77.83404638554742,13.986637569316136,8.179316045136442,/Celta,primera
37,/Betis,57.029847306139544,20.897829797868766,22.072322895991682,/Huesca,primera
37,/Villarreal,48.42121433357272,24.128681926844088,27.450103739583188,/Sevilla,primera
37,/Getafe,49.61282561201853,26.871655010248308,23.515519377733163,/Levante,primera
37,/Valencia-Cf,57.38900332600417,23.65600377155042,18.9549929024454,/Eibar,primera
37,/Real-Sociedad,59.65144356658669,25.65295649757799,14.695599935835313,/Valladolid,primera
37,/Cadiz,45.76836761021447,39.200850133839886,15.03078225594564,/Elche,primera
38,/Celta,52.541013501088806,24.087521889052482,23.371464609858705,/Betis,primera
38,/Eibar,15.601700582022573,19.777793367886893,64.62050605009053,/Barcelona,primera
38,/Granada,44.914457092815944,28.690938795628018,26.39460411155603,/Getafe,primera
38,/Huesca,31.520083860057095,23.953382712950088,44.52653342699282,/Valencia-Cf,primera
38,/Levante,44.61977607646412,32.63014272265895,22.750081200876913,/Cadiz,primera
38,/Osasuna,34.72292128025339,26.047007094777335,39.23007162496928,/Real-Sociedad,primera
38,/Real-Madrid,63.70255803316274,19.752462666587387,16.544979300249874,/Villarreal,primera
38,/Sevilla,68.18530738265507,19.866313740932608,11.948378876412324,/Alaves,primera
38,/Valladolid,15.815518788044105,32.13550596355988,52.04897524839601,/Atletico-Madrid,primera
38,/Elche,21.083827711223293,33.31526000959616,45.60091227918055,/Athletic-Bilbao,primera
1,/Espanyol,52.49832941817715,25.792481305849012,21.709189275973838,/Albacete,segunda
1,/Fuenlabrada,48.32582303675436,29.574573004457864,22.09960395878778,/Lugo,segunda
1,/Leganes,51.0249106800068,32.25576423257045,16.719325087422753,/Ud-Palmas,segunda
1,/Mallorca,49.49554315593839,26.00563662822843,24.498820215833184,/Rayo-Vallecano,segunda
1,/Mirandes,37.19605523365748,24.7493534828875,38.05459128345502,/Ad-Alcorcon,segunda
1,/Ponferradina-Sd,65.4557692824986,21.72858617403288,12.815644543468519,/Cd-Castellon,segunda
1,/Real-Oviedo,80.38729196603168,11.830098290007008,7.782609743961311,/Cartagena,segunda
1,/Real-Zaragoza,36.55288419553066,25.967738444336664,37.47937736013267,/Girona-Fc,segunda
1,/Sabadell,19.464346870339856,32.13985024455966,48.39580288510048,/Almeria,segunda
1,/Sporting-Gijon,52.438536271505285,30.06433279434991,17.4971309341448,/Ud-Logrones,segunda
1,/Tenerife,30.765091128380618,39.06392380901024,30.170985062609134,/Malaga,segunda
2,/Albacete,43.66059875894529,29.022072589735977,27.31732865131873,/Ponferradina-Sd,segunda
2,/Ad-Alcorcon,42.37446169256888,28.768515070583078,28.857023236848043,/Tenerife,segunda
2,/Almeria,59.588258573704586,21.092564310230763,19.319177116064644,/Real-Zaragoza,segunda
2,/Cartagena,13.886609161291465,17.279254218169836,68.8341366205387,/Sporting-Gijon,segunda
2,/Girona-Fc,50.909796337382154,30.269417460930768,18.820786201687078,/Ud-Logrones,segunda
2,/Espanyol,42.373058354978674,27.579864182852752,30.04707746216857,/Mallorca,segunda
2,/Cd-Castellon,12.796416329919236,29.5494172905198,57.65416637956097,/Malaga,segunda
2,/Ud-Palmas,37.287914119641876,33.38777492664519,29.324310953712928,/Fuenlabrada,segunda
2,/Lugo,21.269225483481478,32.13873317464253,46.59204134187599,/Leganes,segunda
2,/Mirandes,36.391592354565354,26.38774023205313,37.22066741338151,/Real-Oviedo,segunda
2,/Rayo-Vallecano,54.14802004462504,28.786382608341967,17.06559734703299,/Sabadell,segunda
3,/Fuenlabrada,44.567360629678056,31.448672986637,23.98396638368494,/Albacete,segunda
3,/Leganes,85.2000006824513,10.333509349098565,4.4664899684501265,/Cartagena,segunda
3,/Ud-Logrones,59.62965791193279,25.929086425625623,14.441255662441588,/Cd-Castellon,segunda
3,/Lugo,27.13458315293243,27.43357907671482,45.43183777035276,/Almeria,segunda
3,/Malaga,43.43846415652939,33.415731514882616,23.145804328587992,/Ad-Alcorcon,segunda
3,/Mallorca,56.4984231590812,29.593792451117707,13.907784389801092,/Sabadell,segunda
3,/Ponferradina-Sd,37.22171231187008,27.23157274885248,35.546714939277436,/Rayo-Vallecano,segunda
3,/Real-Oviedo,40.51273705974193,27.74047640386775,31.746786536390324,/Espanyol,segunda
3,/Real-Zaragoza,42.097441581785134,25.796689374997005,32.10586904321786,/Ud-Palmas,segunda
3,/Sporting-Gijon,41.92319772575803,31.50379579579535,26.573006478446615,/Girona-Fc,segunda
3,/Tenerife,50.40945240138937,25.922665295831692,23.66788230277893,/Mirandes,segunda
4,/Albacete,34.9109150383113,30.03988455528244,35.04920040640626,/Real-Oviedo,segunda
4,/Ad-Alcorcon,52.99033732689749,22.031744702355404,24.97791797074711,/Real-Zaragoza,segunda
4,/Almeria,43.66240333105026,29.611328022768447,26.726268646181296,/Sporting-Gijon,segunda
4,/Cartagena,25.279765605109766,20.430671864661054,54.28956253022918,/Lugo,segunda
4,/Cd-Castellon,9.784848998803234,24.22723229237319,65.98791870882357,/Leganes,segunda
4,/Girona-Fc,41.894288239873575,32.66459708843018,25.44111467169624,/Fuenlabrada,segunda
4,/Ud-Palmas,46.06304965428983,31.78082804933096,22.15612229637921,/Ud-Logrones,segunda
4,/Mallorca,43.686470792332784,30.392513006809928,25.921016200857284,/Tenerife,segunda
4,/Mirandes,46.203929257593764,25.40671854158923,28.389352200817008,/Ponferradina-Sd,segunda
4,/Rayo-Vallecano,31.139241233670532,34.281332881529394,34.579425884800074,/Malaga,segunda
4,/Sabadell,22.298829484223134,31.807887873512037,45.89328264226483,/Espanyol,segunda
5,/Espanyol,46.923858824020115,25.326732141915798,27.749409034064087,/Ad-Alcorcon,segunda
5,/Fuenlabrada,68.71885155854123,21.569205273670775,9.711943167787984,/Cd-Castellon,segunda
5,/Leganes,46.57808990542666,33.772831668069806,19.64907842650353,/Girona-Fc,segunda
5,/Ud-Logrones,25.232757026906533,30.582172858548244,44.18507011454522,/Almeria,segunda
5,/Lugo,30.05498062401577,28.685012547223305,41.26000682876092,/Mallorca,segunda
5,/Malaga,43.302671584911906,36.47406406844936,20.223264346638736,/Ud-Palmas,segunda
5,/Ponferradina-Sd,71.58354640797447,15.56384561368122,12.85260797834431,/Cartagena,segunda
5,/Real-Oviedo,37.02858087468381,31.097833600263286,31.873585525052906,/Sporting-Gijon,segunda
5,/Real-Zaragoza,46.46831425540513,24.70814078774662,28.823544956848245,/Albacete,segunda
5,/Sabadell,30.024804930772177,31.436850850889066,38.53834421833876,/Mirandes,segunda
5,/Tenerife,44.868918766402906,28.053499976503637,27.077581257093453,/Rayo-Vallecano,segunda
6,/Albacete,47.525949727150696,33.3364848812418,19.137565391607502,/Sabadell,segunda
6,/Ad-Alcorcon,52.736683851661304,25.266172523651754,21.99714362468694,/Ponferradina-Sd,segunda
6,/Cartagena,18.093531082958627,20.40751268581403,61.49895623122734,/Fuenlabrada,segunda
6,/Cd-Castellon,22.36383521294604,26.483256889599772,51.15290789745419,/Lugo,segunda
6,/Girona-Fc,42.63206246304283,30.085249238488572,27.282688298468607,/Real-Oviedo,segunda
6,/Ud-Palmas,32.200384681020076,29.966287100255208,37.833328218724716,/Almeria,segunda
6,/Ud-Logrones,19.660888301227416,35.99879711049207,44.34031458828051,/Leganes,segunda
6,/Mirandes,33.39750992196046,26.30347450452929,40.299015573510246,/Mallorca,segunda
6,/Rayo-Vallecano,38.70170349955233,25.819824644596395,35.47847185585127,/Espanyol,segunda
6,/Real-Zaragoza,30.305036428825684,31.095142074611093,38.59982149656322,/Malaga,segunda
6,/Sporting-Gijon,43.476220384346675,31.69610363163786,24.827675984015464,/Tenerife,segunda
7,/Almeria,86.61095320381193,8.501575637243231,4.887471158944834,/Cartagena,segunda
7,/Espanyol,56.55069935188577,22.11932874814172,21.32997189997251,/Mirandes,segunda
7,/Fuenlabrada,46.304159086890735,33.12352358114061,20.572317331968648,/Ud-Logrones,segunda
7,/Ud-Palmas,68.97595195653994,20.7163918375321,10.307656205927962,/Cd-Castellon,segunda
7,/Leganes,60.32557280384777,24.164433988733986,15.509993207418237,/Real-Zaragoza,segunda
7,/Lugo,30.765695471501882,29.72554014689933,39.50876438159878,/Girona-Fc,segunda
7,/Malaga,37.13434419451828,38.33378765819913,24.531868147282587,/Sporting-Gijon,segunda
7,/Mallorca,51.17219848622744,27.614992007596484,21.21280950617608,/Albacete,segunda
7,/Ponferradina-Sd,32.99597108816262,30.926389897389267,36.07763901444812,/Tenerife,segunda
7,/Real-Oviedo,46.38807421524244,26.593208264364996,27.018717520392556,/Rayo-Vallecano,segunda
7,/Sabadell,23.964881277728768,32.24248349723708,43.79263522503415,/Ad-Alcorcon,segunda
8,/Albacete,38.99737147394838,27.67696754678049,33.325660979271134,/Rayo-Vallecano,segunda
8,/Ad-Alcorcon,39.96858871715182,27.742446585008445,32.28896469783974,/Mallorca,segunda
8,/Almeria,47.819816473862375,29.75435622861288,22.425827297524737,/Fuenlabrada,segunda
8,/Cartagena,19.45980489929212,19.86000659846935,60.68018850223853,/Ud-Palmas,segunda
8,/Cd-Castellon,14.646076382464221,24.36205851639058,60.9918651011452,/Girona-Fc,segunda
8,/Leganes,49.1912770939113,32.04511828073551,18.763604625353192,/Real-Oviedo,segunda
8,/Ud-Logrones,39.02915466993505,31.313237156787014,29.65760817327794,/Lugo,segunda
8,/Malaga,51.730207669807406,29.53384319315933,18.73594913703327,/Mirandes,segunda
8,/Real-Zaragoza,54.72860367845054,26.566599647512202,18.70479667403726,/Sabadell,segunda
8,/Sporting-Gijon,53.38775262222863,27.530166764294062,19.082080613477302,/Ponferradina-Sd,segunda
8,/Tenerife,39.24269401266386,29.167502614521478,31.58980337281465,/Espanyol,segunda
9,/Albacete,37.47369638611313,30.995920739170156,31.53038287471671,/Ud-Palmas,segunda
9,/Ad-Alcorcon,38.198225513196306,29.083062848888495,32.7187116379152,/Sporting-Gijon,segunda
9,/Cd-Castellon,11.798731421155113,20.48062136191332,67.72064721693157,/Almeria,segunda
9,/Girona-Fc,80.89529398808511,11.822912242993597,7.281793768921285,/Cartagena,segunda
9,/Espanyol,55.22095854225755,24.619768338725827,20.15927311901663,/Ponferradina-Sd,segunda
9,/Mallorca,34.200875302566004,37.11934680933424,28.679777888099768,/Malaga,segunda
9,/Mirandes,45.12841067453317,22.145307223481854,32.726282101984985,/Real-Zaragoza,segunda
9,/Rayo-Vallecano,40.060860682476616,29.679469338925934,30.259669978597447,/Fuenlabrada,segunda
9,/Real-Oviedo,50.30004859722752,29.671154330156973,20.02879707261551,/Ud-Logrones,segunda
9,/Sabadell,15.188979606132838,37.78228668725864,47.02873370660852,/Leganes,segunda
9,/Tenerife,50.423073454933345,28.111552687161357,21.465373857905302,/Lugo,segunda
10,/Almeria,46.1256496067902,28.78541918674602,25.088931206463783,/Girona-Fc,segunda
10,/Cartagena,22.483871902391346,20.40588176611414,57.110246331494515,/Albacete,segunda
10,/Fuenlabrada,37.77129877043821,33.806908797509514,28.42179243205227,/Tenerife,segunda
10,/Ud-Palmas,37.6959318324637,30.70754649882858,31.596521668707723,/Real-Oviedo,segunda
10,/Leganes,60.258134083278,25.098969149347994,14.642896767374003,/Mirandes,segunda
10,/Ud-Logrones,30.886653028780493,30.14693260790937,38.96641436331014,/Ad-Alcorcon,segunda
10,/Lugo,36.546915582654286,26.797834575417735,36.65524984192798,/Rayo-Vallecano,segunda
10,/Malaga,41.28920107165708,33.95759157759882,24.7532073507441,/Espanyol,segunda
10,/Ponferradina-Sd,46.363488939099554,33.174297545049654,20.46221351585079,/Sabadell,segunda
10,/Real-Zaragoza,35.67184234116289,25.1718807787698,39.15627688006731,/Mallorca,segunda
10,/Sporting-Gijon,74.97057553847185,17.624262874526192,7.405161587001952,/Cd-Castellon,segunda
11,/Albacete,22.926321035619026,34.113013423362,42.96066554101898,/Leganes,segunda
11,/Ad-Alcorcon,42.61763967753034,29.71648222712342,27.66587809534624,/Fuenlabrada,segunda
11,/Cartagena,26.762630771907354,23.307382931603218,49.929986296489425,/Ud-Logrones,segunda
11,/Girona-Fc,45.045534838653836,30.57705457695896,24.377410584387206,/Ud-Palmas,segunda
11,/Espanyol,56.67326793270904,23.852570150045967,19.47416191724499,/Lugo,segunda
11,/Mallorca,53.811741752537564,26.40303978398138,19.785218463481048,/Ponferradina-Sd,segunda
11,/Mirandes,31.992671477147223,27.42257203254249,40.584756490310284,/Sporting-Gijon,segunda
11,/Rayo-Vallecano,33.9663031439836,26.780382066629787,39.25331478938661,/Almeria,segunda
11,/Real-Oviedo,73.4299915332986,17.96040633829518,8.609602128406213,/Cd-Castellon,segunda
11,/Sabadell,17.920979700973135,42.2368271307686,39.84219316825827,/Malaga,segunda
11,/Tenerife,49.77154288109957,24.99587075890997,25.23258635999046,/Real-Zaragoza,segunda
12,/Almeria,60.058041878958605,21.76583773506539,18.176120385976002,/Mirandes,segunda
12,/Cd-Castellon,43.237728764368946,22.1527594803676,34.609511755263455,/Cartagena,segunda
12,/Girona-Fc,39.82968638959623,30.486274507530315,29.68403910287345,/Mallorca,segunda
12,/Fuenlabrada,37.57495759757632,30.325555251363802,32.09948715105988,/Espanyol,segunda
12,/Ud-Palmas,37.105933673739514,32.24821784013558,30.645848486124905,/Tenerife,segunda
12,/Leganes,51.40726065457002,29.629144202884294,18.963595142545685,/Ad-Alcorcon,segunda
12,/Ud-Logrones,41.44170383889735,37.412508555560066,21.145787605542587,/Sabadell,segunda
12,/Lugo,39.132380524935,29.105980591609526,31.76163888345547,/Albacete,segunda
12,/Ponferradina-Sd,25.769789370874935,36.29109818152879,37.939112447596266,/Malaga,segunda
12,/Real-Zaragoza,38.86143277602292,25.157340591009824,35.98122663296726,/Real-Oviedo,segunda
12,/Sporting-Gijon,49.37000349117608,27.065751111275517,23.5642453975484,/Rayo-Vallecano,segunda
13,/Albacete,29.404286238341548,28.90508969097027,41.69062407068817,/Almeria,segunda
13,/Ad-Alcorcon,54.16313247808494,24.536416275122193,21.30045124679286,/Lugo,segunda
13,/Espanyol,42.92162670135053,28.31935258719904,28.75902071145042,/Girona-Fc,segunda
13,/Malaga,28.11418567279184,43.739626002010496,28.146188325197663,/Leganes,segunda
13,/Mallorca,39.70225052656517,30.90033323734909,29.39741623608574,/Sporting-Gijon,segunda
13,/Mirandes,77.13232687204015,12.292670246601014,10.575002881358841,/Cartagena,segunda
13,/Ponferradina-Sd,41.32599665329906,24.814194679872607,33.85980866682834,/Real-Zaragoza,segunda
13,/Rayo-Vallecano,73.82463326690444,16.850016337775223,9.325350395320331,/Cd-Castellon,segunda
13,/Real-Oviedo,41.0923337825594,31.84592883167999,27.06173738576061,/Fuenlabrada,segunda
13,/Sabadell,25.31339795166246,36.47506298224277,38.21153906609478,/Ud-Palmas,segunda
13,/Tenerife,48.39715262353763,31.506473127508723,20.09637424895365,/Ud-Logrones,segunda
14,/Almeria,47.80811273262246,28.83452919662457,23.357358070752966,/Tenerife,segunda
14,/Cartagena,14.214247937653072,16.594418739188495,69.19133332315843,/Mallorca,segunda
14,/Cd-Castellon,15.336569932725075,21.957822387636927,62.705607679638,/Ad-Alcorcon,segunda
14,/Girona-Fc,32.65441367089459,38.36668048173389,28.97890584737153,/Malaga,segunda
14,/Fuenlabrada,47.00337471798317,30.348334143157096,22.648291138859733,/Ponferradina-Sd,segunda
14,/Ud-Palmas,47.50440114252568,26.203425431162586,26.292173426311738,/Mirandes,segunda
14,/Leganes,49.08732108754046,30.425456422198643,20.48722249026089,/Espanyol,segunda
14,/Ud-Logrones,35.7274913941223,32.680216686201625,31.592291919676075,/Albacete,segunda
14,/Lugo,32.708357737584315,28.900284053320757,38.391358209094925,/Real-Oviedo,segunda
14,/Real-Zaragoza,43.407085095236,23.147646140866172,33.44526876389783,/Rayo-Vallecano,segunda
14,/Sporting-Gijon,55.575614457677204,31.000561341046257,13.423824201276545,/Sabadell,segunda
15,/Albacete,34.48921075324966,31.556085063876115,33.95470418287423,/Tenerife,segunda
15,/Ad-Alcorcon,40.57287641264257,28.525215603091052,30.901907984266373,/Girona-Fc,segunda
15,/Espanyol,55.8256923596885,21.441349303197715,22.73295833711377,/Real-Zaragoza,segunda
15,/Ud-Palmas,33.42432204159122,32.27290602607246,34.30277193233632,/Sporting-Gijon,segunda
15,/Malaga,50.80470484372316,32.213178983443555,16.982116172833283,/Lugo,segunda
15,/Mallorca,53.04706272147121,28.788309614081804,18.164627664446996,/Ud-Logrones,segunda
15,/Mirandes,71.2674137700003,17.571158646591016,11.16142758340869,/Cd-Castellon,segunda
15,/Ponferradina-Sd,21.741012099209495,32.95891835107512,45.300069549715396,/Leganes,segunda
15,/Rayo-Vallecano,80.21448328681052,11.316075855392684,8.469440857796794,/Cartagena,segunda
15,/Real-Oviedo,35.81781851272231,29.03645246699992,35.14572902027777,/Almeria,segunda
15,/Sabadell,23.426259233502023,38.14356211424625,38.43017865225173,/Fuenlabrada,segunda
16,/Almeria,45.72694505545742,28.069808605835583,26.203246338706997,/Mallorca,segunda
16,/Cartagena,14.037307365295874,15.321106037123158,70.64158659758097,/Espanyol,segunda
16,/Cd-Castellon,18.779182815612486,21.138070148752348,60.082747035635165,/Real-Zaragoza,segunda
16,/Girona-Fc,53.1728335978713,24.874935166904898,21.952231235223795,/Mirandes,segunda
16,/Fuenlabrada,29.32161262242168,40.49614242394807,30.182244953630246,/Malaga,segunda
16,/Leganes,54.61760916766959,28.1978527584134,17.18453807391701,/Rayo-Vallecano,segunda
16,/Ud-Logrones,37.88939276101926,31.927760396682793,30.18284684229795,/Ponferradina-Sd,segunda
16,/Lugo,35.401059996701314,29.99509444628537,34.60384555701332,/Ud-Palmas,segunda
16,/Real-Oviedo,43.02242478645587,27.414121485158727,29.563453728385404,/Ad-Alcorcon,segunda
16,/Sporting-Gijon,50.793618023493735,28.78917898832486,20.417202988181405,/Albacete,segunda
16,/Tenerife,51.758321367044125,32.776432304981284,15.46524632797459,/Sabadell,segunda
17,/Albacete,32.867201774338604,30.998817128252455,36.13398109740894,/Girona-Fc,segunda
17,/Ad-Alcorcon,36.75298557878778,27.188690890708074,36.058323530504154,/Almeria,segunda
17,/Espanyol,40.48601552716832,28.97455954599891,30.53942492683277,/Sporting-Gijon,segunda
17,/Malaga,77.85038809879208,15.001416848177776,7.148195053030149,/Cartagena,segunda
17,/Mallorca,75.92747535309319,16.604127919061785,7.468396727845028,/Cd-Castellon,segunda
17,/Mirandes,47.550780240857854,24.82343980795983,27.625779951182317,/Lugo,segunda
17,/Ponferradina-Sd,35.94713285407503,30.486842059346454,33.56602508657851,/Ud-Palmas,segunda
17,/Rayo-Vallecano,49.81327099648244,27.879167772502417,22.30756123101515,/Ud-Logrones,segunda
17,/Sabadell,23.40316080820829,34.6253809003577,41.97145829143402,/Real-Oviedo,segunda
17,/Tenerife,26.897611438709028,36.60079002772233,36.50159853356863,/Leganes,segunda
17,/Real-Zaragoza,39.1360986593484,27.274179713937507,33.589721626714095,/Fuenlabrada,segunda
18,/Almeria,37.60722188119905,35.84584607199739,26.54693204680355,/Malaga,segunda
18,/Cartagena,33.73288960283128,26.782746767692988,39.48436362947574,/Sabadell,segunda
18,/Cd-Castellon,20.162742678425865,26.733059648155553,53.10419767341858,/Albacete,segunda
18,/Fuenlabrada,48.34730824224961,27.22538191109939,24.427309846651003,/Mirandes,segunda
18,/Sporting-Gijon,54.63765255335403,23.778978412837503,21.583369033808463,/Real-Zaragoza,segunda
18,/Girona-Fc,47.47856900763321,27.15617276491952,25.365258227447264,/Rayo-Vallecano,segunda
18,/Ud-Palmas,38.904013118532546,28.71750776382201,32.37847911764544,/Ad-Alcorcon,segunda
18,/Leganes,46.55845221681177,32.90967004231314,20.531877740875082,/Mallorca,segunda
18,/Lugo,41.51176574369306,28.363657720097724,30.12457653620921,/Ponferradina-Sd,segunda
18,/Real-Oviedo,40.94415978873753,30.806487967966145,28.249352243296322,/Tenerife,segunda
18,/Ud-Logrones,28.829049748621514,29.980826955979733,41.19012329539875,/Espanyol,segunda
19,/Ad-Alcorcon,82.55829385305306,10.32016252614598,7.1215436208009635,/Cartagena,segunda
19,/Espanyol,39.15934484616309,27.18371371869526,33.65694143514166,/Almeria,segunda
19,/Malaga,47.93620002745488,36.26973756507926,15.794062407465859,/Ud-Logrones,segunda
19,/Mallorca,43.758483011730966,31.392315083704965,24.849201904564065,/Fuenlabrada,segunda
19,/Mirandes,43.58495163420668,26.206035148123803,30.20901321766951,/Albacete,segunda
19,/Ponferradina-Sd,33.31392440962398,29.428405049883892,37.25767054049213,/Real-Oviedo,segunda
19,/Rayo-Vallecano,43.07285694995613,27.952983530225172,28.9741595198187,/Ud-Palmas,segunda
19,/Real-Zaragoza,50.633319183235145,23.260376009615953,26.106304807148906,/Lugo,segunda
19,/Sabadell,49.06647911430777,32.22862743088442,18.704893454807813,/Cd-Castellon,segunda
19,/Sporting-Gijon,30.00762353171302,36.78362613845272,33.20875032983426,/Leganes,segunda
19,/Tenerife,37.9508095148568,32.11116863519775,29.93802184994545,/Girona-Fc,segunda
20,/Albacete,26.899174320169482,37.24257611974164,35.85824956008887,/Malaga,segunda
20,/Almeria,58.28532252539108,24.390081575835634,17.32459589877329,/Ponferradina-Sd,segunda
20,/Cartagena,20.10601882408223,16.19091224598492,63.70306892993285,/Real-Zaragoza,segunda
20,/Cd-Castellon,15.938336562104304,25.767199483416388,58.294463954479305,/Tenerife,segunda
20,/Girona-Fc,54.25149938028836,31.299366435340126,14.449134184371514,/Sabadell,segunda
20,/Fuenlabrada,25.687179574299122,37.868030392493445,36.44479003320743,/Leganes,segunda
20,/Ud-Palmas,36.53898445961461,28.889030961676198,34.57198457870919,/Espanyol,segunda
20,/Ud-Logrones,38.35016259062167,28.619833194830825,33.0300042145475,/Mirandes,segunda
20,/Lugo,28.78002907652835,29.915265943132972,41.30470498033867,/Sporting-Gijon,segunda
20,/Rayo-Vallecano,41.33540363866427,25.626165529964172,33.038430831371556,/Ad-Alcorcon,segunda
20,/Real-Oviedo,38.7851195829697,29.654776390478276,31.560104026552025,/Mallorca,segunda
21,/Ad-Alcorcon,50.04600646653054,26.357890901330126,23.596102632139328,/Albacete,segunda
21,/Espanyol,77.96345468255522,14.83885153761113,7.1976937798336476,/Cd-Castellon,segunda
21,/Leganes,44.1695793413102,32.82445973234627,23.005960926343526,/Almeria,segunda
21,/Malaga,41.531390809674676,35.89267330246249,22.57593588786284,/Real-Oviedo,segunda
21,/Mallorca,47.002244610720936,29.309804661776024,23.687950727503036,/Ud-Palmas,segunda
21,/Mirandes,40.6548542236732,24.37822272706914,34.96692304925766,/Rayo-Vallecano,segunda
21,/Ponferradina-Sd,31.345046669015936,30.301045695941482,38.35390763504258,/Girona-Fc,segunda
21,/Real-Zaragoza,49.58568479872177,25.827988592793766,24.586326608484466,/Ud-Logrones,segunda
21,/Sabadell,30.77745954073831,34.81091116976893,34.411629289492765,/Lugo,segunda
21,/Sporting-Gijon,43.46336867161567,32.74607356784259,23.79055776054173,/Fuenlabrada,segunda
21,/Tenerife,78.36442507765187,13.19855521630945,8.437019706038685,/Cartagena,segunda
22,/Albacete,43.30196723473648,25.094589115492553,31.603443649770966,/Real-Zaragoza,segunda
22,/Almeria,60.694051576478834,27.088512835294914,12.217435588226255,/Sabadell,segunda
22,/Cartagena,22.218226597393613,17.722762792648624,60.05901060995777,/Mirandes,segunda
22,/Cd-Castellon,13.493950965497204,23.929575956601447,62.576473077901355,/Sporting-Gijon,segunda
22,/Girona-Fc,41.68323690508686,28.475352628022897,29.84141046689024,/Espanyol,segunda
22,/Fuenlabrada,39.87260557085062,30.06714219793914,30.06025223121025,/Ad-Alcorcon,segunda
22,/Ud-Palmas,24.998851422756648,35.67068117938826,39.330467397855095,/Leganes,segunda
22,/Ud-Logrones,30.077563146073526,32.25856368907797,37.6638731648485,/Real-Oviedo,segunda
22,/Lugo,32.44602807183009,30.37696662460716,37.17700530356275,/Tenerife,segunda
22,/Malaga,49.441967735180384,33.15409007631932,17.4039421885003,/Ponferradina-Sd,segunda
22,/Rayo-Vallecano,37.20562475487192,27.524666459746033,35.26970878538205,/Mallorca,segunda
23,/Ad-Alcorcon,33.24453583179729,34.76946409401922,31.986000074183487,/Malaga,segunda
23,/Almeria,79.84092397484353,14.118136022833552,6.040940002322914,/Cd-Castellon,segunda
23,/Espanyol,50.51055068142743,24.38151856348471,25.10793075508786,/Rayo-Vallecano,segunda
23,/Leganes,59.06247955289221,27.469457225097273,13.468063222010517,/Lugo,segunda
23,/Mallorca,42.03773052439924,30.202970252559357,27.75929922304141,/Girona-Fc,segunda
23,/Mirandes,39.44593411500954,27.201172778584613,33.352893106405844,/Ud-Palmas,segunda
23,/Real-Oviedo,48.266377795403315,28.351895555000567,23.381726649596125,/Albacete,segunda
23,/Real-Zaragoza,49.22055528895415,23.856774751264993,26.922669959780855,/Ponferradina-Sd,segunda
23,/Sabadell,29.914775857373517,39.004909038015384,31.0803151046111,/Ud-Logrones,segunda
23,/Sporting-Gijon,82.30122568979255,11.203851488949201,6.494922821258253,/Cartagena,segunda
23,/Tenerife,39.593374218774656,33.56544010900045,26.84118567222489,/Fuenlabrada,segunda
24,/Albacete,32.256981721010106,29.986290601692072,37.75672767729782,/Mallorca,segunda
24,/Cartagena,16.421767375604055,17.766049009484522,65.81218361491142,/Real-Oviedo,segunda
24,/Cd-Castellon,20.301621483668704,23.012404543967595,56.6859739723637,/Mirandes,segunda
24,/Fuenlabrada,33.24295096775193,31.62228806841036,35.13476096383771,/Almeria,segunda
24,/Girona-Fc,28.654473369706423,36.16419060157874,35.18133602871484,/Leganes,segunda
24,/Ud-Palmas,49.675793447751495,33.24402230917612,17.080184243072395,/Sabadell,segunda
24,/Lugo,31.128687490048602,26.926136222118835,41.94517628783257,/Espanyol,segunda
24,/Malaga,51.65256380178932,28.399834026580717,19.947602171629963,/Real-Zaragoza,segunda
24,/Ponferradina-Sd,34.13634007882431,27.54545468687067,38.318205234305026,/Ad-Alcorcon,segunda
24,/Rayo-Vallecano,39.721281878189565,28.701429103835153,31.577289017975275,/Tenerife,segunda
24,/Ud-Logrones,26.515978134989997,33.388313821151236,40.09570804385877,/Sporting-Gijon,segunda
25,/Ad-Alcorcon,52.364419257990235,27.461012785978784,20.174567956030987,/Ud-Logrones,segunda
25,/Almeria,51.259479573982816,27.577936951448745,21.162583474568443,/Ud-Palmas,segunda
25,/Cartagena,18.31416847744541,17.108385551122616,64.57744597143198,/Rayo-Vallecano,segunda
25,/Cd-Castellon,16.606287151702738,27.406524139095588,55.987188709201675,/Fuenlabrada,segunda
25,/Sporting-Gijon,33.94659894815027,38.77645907940293,27.2769419724468,/Malaga,segunda
25,/Leganes,55.04679510242732,30.01027462537499,14.942930272197696,/Albacete,segunda
25,/Mallorca,43.5118129510117,27.437590408448344,29.05059664053996,/Espanyol,segunda
25,/Mirandes,34.22731245758545,27.187550530120337,38.585137012294226,/Girona-Fc,segunda
25,/Real-Oviedo,52.246973370427106,26.47873523453445,21.274291395038446,/Lugo,segunda
25,/Sabadell,29.10389436077488,29.734925787684446,41.16117985154067,/Real-Zaragoza,segunda
25,/Tenerife,49.06521506875338,28.88509676656644,22.04968816468018,/Ponferradina-Sd,segunda
26,/Albacete,30.83657274102131,31.3200109156417,37.84341634333699,/Sporting-Gijon,segunda
26,/Espanyol,58.52596578615884,27.331843215584854,14.14219099825631,/Sabadell,segunda
26,/Fuenlabrada,38.49476754356353,32.18460960032613,29.320622856110347,/Real-Oviedo,segunda
26,/Girona-Fc,73.68734805198635,18.19353704473217,8.119114903281488,/Cd-Castellon,segunda
26,/Ud-Palmas,75.91623845950275,14.206015839704325,9.877745700792929,/Cartagena,segunda
26,/Leganes,47.86827237903662,33.80229093581857,18.329436685144817,/Tenerife,segunda
26,/Lugo,41.746469830199715,30.961941297613784,27.2915888721865,/Ud-Logrones,segunda
26,/Malaga,46.42500432509857,32.27263025484154,21.3023654200599,/Rayo-Vallecano,segunda
26,/Mallorca,38.62304887687908,28.964618515082197,32.41233260803873,/Almeria,segunda
26,/Ponferradina-Sd,42.430642912482305,25.870131217485316,31.69922587003238,/Mirandes,segunda
26,/Real-Zaragoza,39.736549385879286,23.61356815107138,36.64988246304933,/Ad-Alcorcon,segunda
27,/Almeria,59.75417260655704,23.55106659671707,16.694760796725884,/Lugo,segunda
27,/Cartagena,9.638319484027328,16.504173517612358,73.85750699836031,/Leganes,segunda
27,/Cd-Castellon,17.80776351819199,26.39738639179899,55.79485009000902,/Ud-Palmas,segunda
27,/Fuenlabrada,36.29356178973722,33.40173119905513,30.304707011207654,/Girona-Fc,segunda
27,/Sporting-Gijon,43.56075943091234,28.585916048312594,27.853324520775068,/Espanyol,segunda
27,/Mirandes,28.350021211895676,32.51823134578658,39.131747442317746,/Malaga,segunda
27,/Rayo-Vallecano,49.92575557036796,25.666352293508112,24.407892136123934,/Ponferradina-Sd,segunda
27,/Real-Oviedo,51.397070560857216,23.640580728644675,24.962348710498105,/Real-Zaragoza,segunda
27,/Sabadell,28.063620249182303,35.92167597321995,36.014703777597745,/Albacete,segunda
27,/Tenerife,41.638119051436995,28.861638312668454,29.500242635894548,/Ad-Alcorcon,segunda
27,/Ud-Logrones,27.741973421908213,31.990812064640423,40.267214513451364,/Mallorca,segunda
28,/Albacete,43.56899286286019,31.657434905671128,24.773572231468677,/Ud-Logrones,segunda
28,/Ad-Alcorcon,53.83371370930094,22.75470725695875,23.411579033740317,/Mirandes,segunda
28,/Espanyol,45.44128405815564,27.125506305148487,27.433209636695864,/Real-Oviedo,segunda
28,/Girona-Fc,36.97128106198381,29.946915657873102,33.081803280143085,/Almeria,segunda
28,/Ud-Palmas,42.080385572247174,28.07756303445646,29.842051393296366,/Rayo-Vallecano,segunda
28,/Leganes,77.12992711184393,17.508498396025292,5.361574492130783,/Cd-Castellon,segunda
28,/Lugo,32.86499787070669,31.55218549332548,35.58281663596783,/Fuenlabrada,segunda
28,/Malaga,50.04851564655086,37.779905579994946,12.171578773454195,/Sabadell,segunda
28,/Mallorca,82.9501084198982,10.567341798263428,6.482549781838365,/Cartagena,segunda
28,/Ponferradina-Sd,29.353639422288058,30.534271281234048,40.11208929647789,/Sporting-Gijon,segunda
28,/Real-Zaragoza,38.58890431355224,26.36547963791308,35.045616048534676,/Tenerife,segunda
29,/Almeria,50.49983829571526,25.497901256005402,24.002260448279333,/Ad-Alcorcon,segunda
29,/Cartagena,24.412572593923006,20.5593755532489,55.0280518528281,/Ponferradina-Sd,segunda
29,/Cd-Castellon,27.707516663654623,35.033362517001486,37.259120819343885,/Sabadell,segunda
29,/Fuenlabrada,40.761923731535774,32.92981466681603,26.308261601648187,/Ud-Palmas,segunda
29,/Sporting-Gijon,41.5683664199626,30.659889694332605,27.7717438857048,/Mallorca,segunda
29,/Girona-Fc,53.0741203086675,26.951113228086083,19.974766463246407,/Lugo,segunda
29,/Mirandes,34.57428010480746,24.729595654800114,40.69612424039243,/Espanyol,segunda
29,/Rayo-Vallecano,49.69425831250267,22.394273572228922,27.911468115268413,/Real-Zaragoza,segunda
29,/Real-Oviedo,27.824450349603058,34.84560481332728,37.32994483706966,/Leganes,segunda
29,/Tenerife,46.55330452475116,30.006467437060113,23.440228038188728,/Albacete,segunda
29,/Ud-Logrones,23.08364119317462,39.66919170959218,37.2471670972332,/Malaga,segunda
30,/Albacete,73.16861945307906,15.136201311064942,11.69517923585599,/Cartagena,segunda
30,/Ad-Alcorcon,47.871458967298416,24.826972081550604,27.30156895115098,/Rayo-Vallecano,segunda
30,/Espanyol,54.66528636493676,26.779758739389543,18.554954895673692,/Ud-Logrones,segunda
30,/Ud-Palmas,35.525103060599555,31.806306817146968,32.66859012225347,/Girona-Fc,segunda
30,/Leganes,47.50413941908482,34.92344821598438,17.572412364930802,/Fuenlabrada,segunda
30,/Lugo,65.20214455509496,21.57899670302359,13.218858741881457,/Cd-Castellon,segunda
30,/Malaga,40.40733702079902,37.72866508008321,21.86399789911777,/Tenerife,segunda
30,/Mallorca,44.501040557439204,28.92918821546921,26.569771227091586,/Real-Oviedo,segunda
30,/Ponferradina-Sd,27.79217889156617,28.06072793237595,44.14709317605787,/Almeria,segunda
30,/Sabadell,20.571845313424316,35.512177658745244,43.915977027830436,/Sporting-Gijon,segunda
30,/Real-Zaragoza,49.49598133973665,21.625135874315674,28.87888278594768,/Mirandes,segunda
31,/Almeria,33.20447908445595,34.27240907018772,32.52311184535633,/Leganes,segunda
31,/Cartagena,13.722507290752658,21.231329372531707,65.04616333671564,/Malaga,segunda
31,/Cd-Castellon,13.871297572476116,21.050559483886865,65.07814294363702,/Espanyol,segunda
31,/Fuenlabrada,35.89360663623103,32.415493954077206,31.690899409691763,/Mallorca,segunda
31,/Sporting-Gijon,46.030363145783895,28.096111924988936,25.873524929227166,/Ad-Alcorcon,segunda
31,/Girona-Fc,49.100734295386154,28.935656439063706,21.963609265550144,/Albacete,segunda
31,/Lugo,46.09963601770458,32.787019140042204,21.113344842253213,/Sabadell,segunda
31,/Rayo-Vallecano,50.70071763281065,23.167048502534833,26.13223386465451,/Mirandes,segunda
31,/Real-Oviedo,50.85744447977258,27.236433536759936,21.906121983467486,/Ponferradina-Sd,segunda
31,/Tenerife,42.61391861687859,31.531288539597778,25.854792843523633,/Ud-Palmas,segunda
31,/Ud-Logrones,37.39128879863339,27.33274599475693,35.27596520660967,/Real-Zaragoza,segunda
32,/Albacete,66.69865351267546,21.456612905807233,11.844733581517296,/Cd-Castellon,segunda
32,/Ad-Alcorcon,43.000341037870875,27.41687831950147,29.582780642627647,/Real-Oviedo,segunda
32,/Espanyol,44.88512113173062,29.39300032277959,25.721878545489794,/Fuenlabrada,segunda
32,/Ud-Palmas,47.7960848220257,28.427346079166192,23.77656909880811,/Lugo,segunda
32,/Malaga,36.879662421604316,35.94435498439219,27.17598259400349,/Almeria,segunda
32,/Mallorca,29.991219960939482,35.10086769682959,34.90791234223093,/Leganes,segunda
32,/Mirandes,36.14017804057232,27.684494559328115,36.17532740009957,/Tenerife,segunda
32,/Ponferradina-Sd,42.17357810422952,31.371281244770277,26.455140651000207,/Ud-Logrones,segunda
32,/Rayo-Vallecano,35.58093007935785,28.786965732485793,35.63210418815637,/Sporting-Gijon,segunda
32,/Sabadell,21.990944329998065,35.478097202447465,42.530958467554484,/Girona-Fc,segunda
32,/Real-Zaragoza,80.52207886945973,10.528724760873738,8.949196369666524,/Cartagena,segunda
33,/Albacete,33.54467436343323,28.12644580746746,38.328879829099314,/Espanyol,segunda
33,/Almeria,54.047743682005255,24.34285255517823,21.609403762816516,/Rayo-Vallecano,segunda
33,/Cartagena,15.894921547673071,16.251858535470735,67.8532199168562,/Ad-Alcorcon,segunda
33,/Cd-Castellon,15.588222081226668,24.011026972170015,60.400750946603324,/Real-Oviedo,segunda
33,/Fuenlabrada,47.73993262805,26.208787642680836,26.051279729269172,/Real-Zaragoza,segunda
33,/Sporting-Gijon,55.1023606363878,24.615696974849868,20.28194238876233,/Mirandes,segunda
33,/Girona-Fc,51.67808638722234,27.74974571134613,20.572167901431527,/Ponferradina-Sd,segunda
33,/Ud-Palmas,35.01239410912342,30.839379411343167,34.14822647953342,/Mallorca,segunda
33,/Leganes,57.918868671605914,32.229359736439136,9.85177159195494,/Sabadell,segunda
33,/Lugo,25.36816943893216,35.54983709128228,39.08199346978556,/Malaga,segunda
33,/Ud-Logrones,29.725906903781187,33.9410603097276,36.33303278649122,/Tenerife,segunda
34,/Ad-Alcorcon,75.98979532995759,15.877104042514933,8.13310062752748,/Cd-Castellon,segunda
34,/Espanyol,30.503592507688555,32.82221909190813,36.67418840040331,/Leganes,segunda
34,/Malaga,47.034033287064744,34.53547098956901,18.430495723366235,/Albacete,segunda
34,/Mallorca,55.23722117772718,25.600986110797525,19.16179271147529,/Lugo,segunda
34,/Mirandes,46.55855212993973,27.590327958393008,25.851119911667265,/Ud-Logrones,segunda
34,/Ponferradina-Sd,33.369732841435564,32.10569328425888,34.52457387430557,/Fuenlabrada,segunda
34,/Rayo-Vallecano,37.889639282170265,28.354152497409167,33.75620822042057,/Girona-Fc,segunda
34,/Real-Oviedo,44.183973000978696,29.87620914453823,25.93981785448307,/Ud-Palmas,segunda
34,/Sabadell,54.28276207229775,24.290293479648216,21.42694444805403,/Cartagena,segunda
34,/Tenerife,35.78486325133571,32.69963360014893,31.515503148515368,/Sporting-Gijon,segunda
34,/Real-Zaragoza,32.12013008392083,24.30581474600482,43.57405517007435,/Almeria,segunda
35,/Albacete,44.28581435645663,26.119527347462018,29.594658296081345,/Mirandes,segunda
35,/Almeria,47.85475804436682,26.107964554340995,26.03727740129218,/Espanyol,segunda
35,/Cartagena,17.05932941588997,19.09708856645736,63.84358201765268,/Tenerife,segunda
35,/Cd-Castellon,13.867399243634143,22.8525874029945,63.28001335337136,/Mallorca,segunda
35,/Fuenlabrada,49.49564034973045,34.637218457736324,15.867141192533229,/Sabadell,segunda
35,/Sporting-Gijon,44.372730408948236,30.15401302440914,25.473256566642632,/Real-Oviedo,segunda
35,/Girona-Fc,52.59235481795642,24.0226603865861,23.384984795457477,/Real-Zaragoza,segunda
35,/Ud-Palmas,28.90059281467415,38.44702123747815,32.6523859478477,/Malaga,segunda
35,/Leganes,57.61137678555377,28.46805162158743,13.9205715928588,/Ponferradina-Sd,segunda
35,/Lugo,33.456777374264,27.05346085847981,39.489761767256184,/Ad-Alcorcon,segunda
35,/Ud-Logrones,33.64442097434377,29.91277365541706,36.44280537023917,/Rayo-Vallecano,segunda
36,/Ad-Alcorcon,28.63918568571775,32.53888785063405,38.821926463648204,/Leganes,segunda
36,/Espanyol,48.17297962382278,27.43159671213331,24.395423664043903,/Ud-Palmas,segunda
36,/Malaga,40.136296186651585,38.97985736488766,20.88384644846075,/Fuenlabrada,segunda
36,/Mirandes,30.070467925607858,25.283914195746128,44.645617878646014,/Almeria,segunda
36,/Ponferradina-Sd,43.29908189331772,28.138825329215862,28.562092777466418,/Lugo,segunda
36,/Rayo-Vallecano,47.27143715171142,26.648299411994593,26.080263436293993,/Albacete,segunda
36,/Real-Oviedo,39.287118943373734,30.514178676916863,30.19870237970941,/Girona-Fc,segunda
36,/Sabadell,21.511504674433947,34.033117620553725,44.455377705012324,/Mallorca,segunda
36,/Tenerife,71.13826982691977,19.786332620181888,9.075397552898345,/Cd-Castellon,segunda
36,/Ud-Logrones,65.82101021005725,18.924667843259275,15.254321946683469,/Cartagena,segunda
36,/Real-Zaragoza,34.16661765351316,26.250161207854973,39.58322113863186,/Sporting-Gijon,segunda
37,/Albacete,35.87954908559999,28.114245022141372,36.00620589225865,/Ad-Alcorcon,segunda
37,/Almeria,48.744496729813385,27.417334528678488,23.838168741508127,/Real-Oviedo,segunda
37,/Cd-Castellon,23.062501402108847,30.374250346573994,46.563248251317155,/Ud-Logrones,segunda
37,/Espanyol,35.12844429902798,34.778936581805915,30.0926191191661,/Malaga,segunda
37,/Fuenlabrada,76.0873470210664,14.61624028798456,9.29641269094903,/Cartagena,segunda
37,/Girona-Fc,41.83495938946732,31.605594475125898,26.559446135406784,/Tenerife,segunda
37,/Ud-Palmas,46.47832201933963,29.145705034745195,24.37597294591518,/Ponferradina-Sd,segunda
37,/Leganes,44.29179042667008,34.85777065999381,20.850438913336113,/Sporting-Gijon,segunda
37,/Lugo,40.571372277978156,24.474432839335396,34.95419488268645,/Real-Zaragoza,segunda
37,/Mallorca,55.336326821014204,23.66073118466452,21.00294199432128,/Mirandes,segunda
37,/Sabadell,26.20097344439773,32.318183637306205,41.480842918296055,/Rayo-Vallecano,segunda
38,/Ad-Alcorcon,45.78188837479055,27.852987169254977,26.36512445595447,/Ud-Palmas,segunda
38,/Cartagena,51.666158275096166,21.152441930144718,27.18139979475912,/Cd-Castellon,segunda
38,/Sporting-Gijon,54.80300099514255,26.69430903404702,18.502689970810437,/Lugo,segunda
38,/Malaga,39.11114275403858,36.449062974096435,24.43979427186498,/Mallorca,segunda
38,/Mirandes,36.65359819758355,28.68742497962742,34.658976822789036,/Fuenlabrada,segunda
38,/Ponferradina-Sd,39.67761180555533,29.527797655802875,30.7945905386418,/Albacete,segunda
38,/Rayo-Vallecano,26.50969591533643,31.72744946156894,41.76285462309464,/Leganes,segunda
38,/Real-Oviedo,53.93964050504791,30.692227533819356,15.368131961132736,/Sabadell,segunda
38,/Tenerife,34.72824937410891,30.49549739579291,34.77625323009818,/Almeria,segunda
38,/Ud-Logrones,28.291802642019327,33.17931507681745,38.52888228116322,/Girona-Fc,segunda
38,/Real-Zaragoza,36.94587821058701,23.676540595748193,39.37758119366479,/Espanyol,segunda
39,/Almeria,55.573028895273055,25.69939850370158,18.727572601025354,/Albacete,segunda
39,/Cd-Castellon,21.665383179737976,26.7404788106857,51.59413800957632,/Ponferradina-Sd,segunda
39,/Espanyol,84.56195357911487,9.35508115851507,6.082965262370066,/Cartagena,segunda
39,/Fuenlabrada,42.983177058470915,29.307584510600883,27.709238430928206,/Rayo-Vallecano,segunda
39,/Girona-Fc,37.99609484063331,32.01446606655682,29.989439092809867,/Sporting-Gijon,segunda
39,/Ud-Palmas,46.71302094766753,25.230562696597254,28.056416355735216,/Real-Zaragoza,segunda
39,/Leganes,55.851086486644064,31.32130618539356,12.827607327962376,/Ud-Logrones,segunda
39,/Lugo,41.747641782970284,25.532903704032123,32.719454512997594,/Mirandes,segunda
39,/Mallorca,46.06504107366216,26.982495013653068,26.952463912684777,/Ad-Alcorcon,segunda
39,/Real-Oviedo,32.0006766930381,37.189187241845744,30.810136065116154,/Malaga,segunda
39,/Sabadell,23.17162702135268,36.54475982988443,40.283613148762896,/Tenerife,segunda
40,/Albacete,44.930403689547404,28.373824389654917,26.695771920797682,/Lugo,segunda
40,/Ad-Alcorcon,56.413055111784374,28.181257460604918,15.405687427610705,/Sabadell,segunda
40,/Cartagena,11.548903953307947,14.445977533444132,74.00511851324791,/Almeria,segunda
40,/Sporting-Gijon,46.70935652298233,30.556970918880744,22.73367255813692,/Ud-Palmas,segunda
40,/Malaga,39.191906267196494,37.464807478151926,23.343286254651584,/Girona-Fc,segunda
40,/Mirandes,23.574412785029082,29.516098005410512,46.909489209560405,/Leganes,segunda
40,/Ponferradina-Sd,31.817202740581017,27.46186855659839,40.72092870282059,/Espanyol,segunda
40,/Rayo-Vallecano,40.20670482533753,27.36100913150831,32.43228604315416,/Real-Oviedo,segunda
40,/Tenerife,37.515616325064116,31.187082183841653,31.29730149109423,/Mallorca,segunda
40,/Ud-Logrones,29.998665185078522,35.28471434984613,34.716620465075344,/Fuenlabrada,segunda
40,/Real-Zaragoza,74.71794162975579,15.436638933150103,9.845419437094115,/Cd-Castellon,segunda
41,/Almeria,57.345372454750255,26.629530257423067,16.025097287826682,/Ud-Logrones,segunda
41,/Cd-Castellon,17.23676208340604,22.707940871280353,60.05529704531361,/Rayo-Vallecano,segunda
41,/Espanyol,44.71021208578043,28.476484449718036,26.813303464501537,/Tenerife,segunda
41,/Fuenlabrada,34.216093737622764,33.96569596625276,31.818210296124484,/Sporting-Gijon,segunda
41,/Girona-Fc,44.1514646212854,28.07495518931738,27.77358018939722,/Ad-Alcorcon,segunda
41,/Ud-Palmas,44.01439961962011,30.155553851340432,25.830046529039464,/Albacete,segunda
41,/Leganes,37.25530246890283,42.41705136805097,20.327646163046186,/Malaga,segunda
41,/Lugo,71.13587138678844,15.55124957489844,13.312879038313119,/Cartagena,segunda
41,/Mallorca,54.74976767753198,22.885366652260654,22.36486567020737,/Real-Zaragoza,segunda
41,/Real-Oviedo,52.114043863455926,24.473088974490945,23.412867162053132,/Mirandes,segunda
41,/Sabadell,29.8438721082251,35.36500879605937,34.79111909571553,/Ponferradina-Sd,segunda
42,/Albacete,34.788713389618955,32.72219140385896,32.48909520652208,/Fuenlabrada,segunda
42,/Ad-Alcorcon,41.66872130491697,25.971955152876287,32.35932354220674,/Espanyol,segunda
42,/Cartagena,15.316717708579262,17.835650970489993,66.84763132093074,/Girona-Fc,segunda
42,/Sporting-Gijon,38.754917367144984,30.238187392364125,31.006895240490895,/Almeria,segunda
42,/Malaga,69.25922541565832,23.15242356810533,7.58835101623635,/Cd-Castellon,segunda
42,/Mirandes,51.47346787110649,28.720012875085764,19.806519253807743,/Sabadell,segunda
42,/Ponferradina-Sd,30.673688937368038,29.263529038717156,40.0627820239148,/Mallorca,segunda
42,/Rayo-Vallecano,51.31885332148936,24.989877585108687,23.691269093401957,/Lugo,segunda
42,/Tenerife,40.232155734137145,30.898297360215878,28.86954690564698,/Real-Oviedo,segunda
42,/Ud-Logrones,32.36418958863094,33.57194560278439,34.063864808584675,/Ud-Palmas,segunda
42,/Real-Zaragoza,25.148096841932443,28.364801522599198,46.48710163546836,/Leganes,segunda
